-- MySQL dump 10.13  Distrib 8.0.33, for Win64 (x86_64)
--
-- Host: localhost    Database: articles_db
-- ------------------------------------------------------
-- Server version	8.0.33

/*!40101 SET @OLD_CHARACTER_SET_CLIENT=@@CHARACTER_SET_CLIENT */;
/*!40101 SET @OLD_CHARACTER_SET_RESULTS=@@CHARACTER_SET_RESULTS */;
/*!40101 SET @OLD_COLLATION_CONNECTION=@@COLLATION_CONNECTION */;
/*!50503 SET NAMES utf8mb4 */;
/*!40103 SET @OLD_TIME_ZONE=@@TIME_ZONE */;
/*!40103 SET TIME_ZONE='+00:00' */;
/*!40014 SET @OLD_UNIQUE_CHECKS=@@UNIQUE_CHECKS, UNIQUE_CHECKS=0 */;
/*!40014 SET @OLD_FOREIGN_KEY_CHECKS=@@FOREIGN_KEY_CHECKS, FOREIGN_KEY_CHECKS=0 */;
/*!40101 SET @OLD_SQL_MODE=@@SQL_MODE, SQL_MODE='NO_AUTO_VALUE_ON_ZERO' */;
/*!40111 SET @OLD_SQL_NOTES=@@SQL_NOTES, SQL_NOTES=0 */;

--
-- Table structure for table `article_likes`
--

DROP TABLE IF EXISTS `article_likes`;
/*!40101 SET @saved_cs_client     = @@character_set_client */;
/*!50503 SET character_set_client = utf8mb4 */;
CREATE TABLE `article_likes` (
  `id` bigint NOT NULL AUTO_INCREMENT,
  `created_at` datetime(6) NOT NULL,
  `article_id` bigint NOT NULL,
  `user_id` bigint NOT NULL,
  PRIMARY KEY (`id`),
  UNIQUE KEY `UK11dmunwp0m42370sg5g0bns9y` (`article_id`,`user_id`),
  KEY `FKbtkgmxfbjkfelv3v7ty6mo3n8` (`user_id`),
  CONSTRAINT `FKbtkgmxfbjkfelv3v7ty6mo3n8` FOREIGN KEY (`user_id`) REFERENCES `users` (`id`),
  CONSTRAINT `FKq68u12nmkwf7j0k72bg711amn` FOREIGN KEY (`article_id`) REFERENCES `articles` (`id`)
) ENGINE=InnoDB AUTO_INCREMENT=54 DEFAULT CHARSET=utf8mb4 COLLATE=utf8mb4_unicode_ci;
/*!40101 SET character_set_client = @saved_cs_client */;

--
-- Dumping data for table `article_likes`
--

LOCK TABLES `article_likes` WRITE;
/*!40000 ALTER TABLE `article_likes` DISABLE KEYS */;
INSERT INTO `article_likes` VALUES (1,'2025-10-11 09:15:00.000000',1,12),(2,'2025-10-12 14:30:00.000000',1,13),(3,'2025-10-15 11:00:00.000000',1,14),(4,'2025-10-18 16:45:00.000000',1,15),(5,'2025-10-17 10:20:00.000000',2,16),(6,'2025-10-19 13:00:00.000000',2,17),(7,'2025-10-22 09:30:00.000000',2,18),(8,'2025-10-22 11:45:00.000000',3,19),(9,'2025-10-25 15:00:00.000000',3,20),(10,'2025-10-27 10:00:00.000000',4,21),(11,'2025-11-03 09:00:00.000000',5,22),(12,'2025-11-05 12:30:00.000000',5,23),(13,'2025-11-08 14:00:00.000000',5,24),(14,'2025-11-10 10:45:00.000000',5,25),(15,'2025-11-07 09:30:00.000000',6,26),(16,'2025-11-09 11:00:00.000000',6,27),(17,'2025-11-12 14:15:00.000000',6,28),(18,'2025-11-12 10:00:00.000000',7,29),(19,'2025-11-15 13:30:00.000000',7,30),(20,'2025-11-17 09:45:00.000000',8,31),(21,'2025-11-22 11:00:00.000000',9,32),(22,'2025-11-27 10:30:00.000000',10,33),(23,'2025-12-03 09:15:00.000000',11,34),(24,'2025-12-05 13:00:00.000000',11,35),(25,'2025-12-08 15:30:00.000000',11,36),(26,'2025-12-07 10:00:00.000000',12,37),(27,'2025-12-10 12:45:00.000000',12,38),(28,'2025-12-12 09:30:00.000000',13,39),(29,'2025-12-17 11:00:00.000000',14,40),(30,'2025-12-22 10:15:00.000000',15,41),(31,'2026-01-07 09:00:00.000000',16,42),(32,'2026-01-09 11:30:00.000000',16,43),(33,'2026-01-12 14:00:00.000000',16,44),(34,'2026-01-15 16:00:00.000000',16,45),(35,'2026-01-12 10:30:00.000000',17,46),(36,'2026-01-15 13:00:00.000000',17,47),(37,'2026-01-17 09:45:00.000000',18,48),(38,'2026-01-22 11:00:00.000000',19,49),(39,'2026-01-27 10:30:00.000000',20,50),(40,'2026-02-03 09:15:00.000000',21,51),(41,'2026-02-05 12:00:00.000000',21,52),(42,'2026-02-08 14:45:00.000000',21,53),(43,'2026-02-10 10:00:00.000000',22,54),(44,'2026-02-13 13:30:00.000000',22,55),(45,'2026-02-17 09:30:00.000000',23,56),(46,'2026-02-24 11:00:00.000000',24,57),(47,'2026-03-03 10:15:00.000000',25,58),(48,'2026-03-07 09:00:00.000000',26,59),(49,'2026-03-09 12:30:00.000000',26,60),(50,'2026-03-12 10:45:00.000000',27,61),(53,'2026-05-02 00:48:46.479121',5,112);
/*!40000 ALTER TABLE `article_likes` ENABLE KEYS */;
UNLOCK TABLES;

--
-- Table structure for table `article_tags`
--

DROP TABLE IF EXISTS `article_tags`;
/*!40101 SET @saved_cs_client     = @@character_set_client */;
/*!50503 SET character_set_client = utf8mb4 */;
CREATE TABLE `article_tags` (
  `article_id` bigint NOT NULL,
  `tag_id` bigint NOT NULL,
  KEY `FKr17guaxramkeyxq0f1xn3bxbw` (`tag_id`),
  KEY `FKeoil73g36agokjw6vuklqgli3` (`article_id`),
  CONSTRAINT `FKeoil73g36agokjw6vuklqgli3` FOREIGN KEY (`article_id`) REFERENCES `articles` (`id`),
  CONSTRAINT `FKr17guaxramkeyxq0f1xn3bxbw` FOREIGN KEY (`tag_id`) REFERENCES `tags` (`id`)
) ENGINE=InnoDB DEFAULT CHARSET=utf8mb4 COLLATE=utf8mb4_unicode_ci;
/*!40101 SET character_set_client = @saved_cs_client */;

--
-- Dumping data for table `article_tags`
--

LOCK TABLES `article_tags` WRITE;
/*!40000 ALTER TABLE `article_tags` DISABLE KEYS */;
INSERT INTO `article_tags` VALUES (1,1),(1,5),(1,9),(1,10),(2,2),(2,6),(2,11),(2,4),(3,3),(3,2),(3,6),(4,4),(4,2),(4,11),(5,1),(5,5),(5,10),(6,9),(6,10),(6,1),(7,10),(7,12),(7,9),(8,10),(8,9),(9,9),(9,10),(10,10),(10,9),(10,1),(11,9),(11,6),(12,9),(12,10),(12,2),(13,9),(13,10),(14,9),(14,6),(15,9),(15,2),(15,11),(16,7),(16,9),(16,11),(17,7),(17,5),(17,11),(18,11),(18,4),(18,2),(19,2),(19,7),(19,5),(20,12),(20,7),(20,9),(21,8),(21,10),(22,8),(22,10),(22,12),(23,8),(23,11),(24,8),(24,11),(24,10),(25,8),(25,11),(26,6),(26,9),(26,11),(27,6),(27,9),(28,6),(28,2),(29,6),(29,9),(29,11),(30,6),(30,12),(30,9),(31,4),(31,5),(31,6),(32,5),(33,4),(33,5);
/*!40000 ALTER TABLE `article_tags` ENABLE KEYS */;
UNLOCK TABLES;

--
-- Table structure for table `articles`
--

DROP TABLE IF EXISTS `articles`;
/*!40101 SET @saved_cs_client     = @@character_set_client */;
/*!50503 SET character_set_client = utf8mb4 */;
CREATE TABLE `articles` (
  `id` bigint NOT NULL AUTO_INCREMENT,
  `content` text COLLATE utf8mb4_unicode_ci,
  `cover_image_url` varchar(255) COLLATE utf8mb4_unicode_ci DEFAULT NULL,
  `created_at` datetime(6) NOT NULL,
  `deleted` bit(1) NOT NULL,
  `like_count` bigint NOT NULL,
  `published_at` datetime(6) DEFAULT NULL,
  `slug` varchar(255) COLLATE utf8mb4_unicode_ci NOT NULL,
  `status` enum('DRAFT','PUBLISHED') COLLATE utf8mb4_unicode_ci NOT NULL,
  `summary` varchar(500) COLLATE utf8mb4_unicode_ci DEFAULT NULL,
  `title` varchar(255) COLLATE utf8mb4_unicode_ci NOT NULL,
  `updated_at` datetime(6) DEFAULT NULL,
  `view_count` bigint NOT NULL,
  `author_id` bigint NOT NULL,
  `category_id` bigint DEFAULT NULL,
  PRIMARY KEY (`id`),
  UNIQUE KEY `UKsn7al9fwhgtf98rvn8nxhjt4f` (`slug`),
  KEY `FKe02fs2ut6qqoabfhj325wcjul` (`author_id`),
  KEY `FK7i4rryg7kqwyyrr08temnc71e` (`category_id`),
  CONSTRAINT `FK7i4rryg7kqwyyrr08temnc71e` FOREIGN KEY (`category_id`) REFERENCES `categories` (`id`),
  CONSTRAINT `FKe02fs2ut6qqoabfhj325wcjul` FOREIGN KEY (`author_id`) REFERENCES `users` (`id`)
) ENGINE=InnoDB AUTO_INCREMENT=34 DEFAULT CHARSET=utf8mb4 COLLATE=utf8mb4_unicode_ci;
/*!40101 SET character_set_client = @saved_cs_client */;

--
-- Dumping data for table `articles`
--

LOCK TABLES `articles` WRITE;
/*!40000 ALTER TABLE `articles` DISABLE KEYS */;
INSERT INTO `articles` VALUES (1,'Artificial intelligence is rapidly transforming every sector of the global economy, from healthcare and finance to education and transportation. Machine learning models are now capable of diagnosing diseases with accuracy that rivals experienced physicians, and large language models are redefining how humans interact with software. The integration of AI into daily workflows is creating new opportunities while simultaneously displacing traditional job roles, raising urgent questions about the future of work. Researchers are actively developing explainable AI frameworks that can justify their decisions in human-understandable terms, addressing growing concerns around algorithmic transparency. The next decade will likely see AI become as fundamental to modern civilization as electricity itself.','https://images.unsplash.com/photo-1677442135703-1787eea5ce01','2025-10-09 10:00:00.000000',_binary '\0',4,'2025-10-10 08:00:00.000000','the-future-of-artificial-intelligence','PUBLISHED','An exploration of how artificial intelligence is reshaping industries and what the future holds for this transformative technology.','The Future of Artificial Intelligence','2026-05-31 23:16:16.765129',4204,2,1),(2,'Scalability is one of the most critical concerns for modern web developers, as applications must handle varying loads without degrading in performance. Microservices architecture has emerged as a dominant paradigm, allowing teams to develop, deploy, and scale individual components independently. Container orchestration tools like Kubernetes have become standard in production environments, enabling automated deployment and seamless horizontal scaling. Caching strategies, load balancing, and asynchronous message queues are essential techniques every backend engineer should master. As user bases grow globally, architects must also account for geographical distribution and data sovereignty requirements.','https://images.unsplash.com/photo-1461749280684-dccba630e2f6','2025-10-14 09:00:00.000000',_binary '\0',3,'2025-10-15 07:30:00.000000','building-scalable-web-applications','PUBLISHED','A practical guide to building web applications that can grow from hundreds to millions of users without falling apart.','Building Scalable Web Applications','2025-10-15 07:30:00.000000',3100,3,1),(3,'The mobile development landscape continues to evolve at a breathtaking pace, with cross-platform frameworks becoming more relevant than ever in 2026. React Native and Flutter have significantly reduced the cost of building and maintaining apps for both iOS and Android simultaneously. Progressive Web Apps continue blurring the line between native and browser-based experiences, especially on devices prevalent in emerging markets. On-device AI inference is now expected in modern mobile applications, powering personalized recommendations and real-time language translation without a server round-trip. Privacy-first design has become a competitive differentiator, with users scrutinizing the permissions apps request more carefully than ever before.','https://images.unsplash.com/photo-1512941937669-90a1b58e7e9c','2025-10-19 11:00:00.000000',_binary '\0',2,'2025-10-20 09:00:00.000000','mobile-development-trends-in-2026','PUBLISHED','A look at the cross-platform frameworks, AI integration, and privacy trends defining mobile development in 2026.','Mobile Development Trends in 2026','2025-10-20 09:00:00.000000',1800,4,1),(4,'Cloud computing has fundamentally changed how organizations build, deploy, and maintain software infrastructure. The major providers — AWS, Azure, and Google Cloud — now offer hundreds of managed services covering everything from object storage and serverless functions to vector databases and GPU clusters. Understanding the shared responsibility model is critical for teams moving workloads to the cloud, especially around data privacy and compliance. FinOps practices have emerged to help engineering and finance teams collaborate on controlling cloud costs without throttling innovation. Whether you are migrating a legacy monolith or building cloud-native from day one, a clear architecture strategy is the foundation of long-term success.','https://images.unsplash.com/photo-1544197150-b99a580bb7a8','2025-10-24 10:00:00.000000',_binary '\0',1,'2025-10-25 08:30:00.000000','cloud-computing-a-comprehensive-guide','PUBLISHED','Everything you need to know about cloud platforms, services, cost management, and building cloud-native applications.','Cloud Computing: A Comprehensive Guide','2025-10-25 08:30:00.000000',950,5,1),(5,'Data science sits at the intersection of statistics, computer science, and domain expertise, transforming raw information into actionable insights. The machine learning pipeline — from data collection and cleaning through feature engineering and model evaluation — requires both technical rigor and creative problem-solving. Supervised learning algorithms such as gradient-boosted trees and neural networks power everything from fraud detection to recommendation systems. Unsupervised techniques like clustering and dimensionality reduction help analysts discover hidden structures in data without labeled examples. Building reliable ML systems in production demands attention to model drift, fairness, and interpretability far beyond what training accuracy alone can reveal.','https://images.unsplash.com/photo-1551288049-bebda4e38f71','2025-10-31 09:00:00.000000',_binary '\0',5,'2025-11-01 07:00:00.000000','data-science-and-machine-learning-fundamentals','PUBLISHED','A solid introduction to the concepts, tools, and workflows that define modern data science and machine learning.','Data Science and Machine Learning Fundamentals','2026-05-31 23:16:25.595865',4802,2,1),(6,'Quantum computing has moved from theoretical promise to tangible engineering reality, with several companies demonstrating machines exceeding one thousand physical qubits. Error correction remains the central challenge — physical qubits are fragile, and achieving fault-tolerant logical qubits requires large arrays of redundant physical ones. Recent breakthroughs in topological qubits offer a potentially more stable alternative that could dramatically reduce overhead. Quantum algorithms like Shor\'s and Grover\'s threaten current cryptographic standards, prompting governments to accelerate post-quantum cryptography adoption. The race to quantum advantage is intensifying, with chemical simulation and optimization emerging as the most near-term promising application domains.','https://images.unsplash.com/photo-1635070041078-e363dbe005cb','2025-11-04 10:00:00.000000',_binary '\0',3,'2025-11-05 08:00:00.000000','breakthroughs-in-quantum-computing','PUBLISHED','How quantum computing is progressing from laboratory curiosity to a technology that could reshape cryptography and scientific research.','Breakthroughs in Quantum Computing','2026-05-02 00:49:04.731015',2301,6,2),(7,'Climate change represents one of the most complex and consequential scientific challenges humanity has ever faced, driven primarily by the accumulation of greenhouse gases from fossil fuel combustion and land-use change. Global average temperatures have risen approximately 1.2 degrees Celsius above pre-industrial levels, and the impacts — from intensifying hurricanes to accelerating ice-sheet loss — are already measurable. The Intergovernmental Panel on Climate Change has made clear that limiting warming to 1.5 degrees requires halving global emissions by 2030 and reaching net zero by 2050. Adaptation strategies, from sea-wall construction to drought-resistant agriculture, are becoming as important as mitigation efforts. Individual choices matter, but systemic policy change and corporate accountability are ultimately the levers that will determine outcomes.','https://images.unsplash.com/photo-1611270629569-8b357cb88da9','2025-11-09 11:00:00.000000',_binary '\0',2,'2025-11-10 09:00:00.000000','understanding-climate-change','PUBLISHED','A clear-eyed look at the science behind climate change, its measurable impacts, and what must be done to avoid the worst outcomes.','Understanding Climate Change','2025-11-10 09:00:00.000000',1500,7,2),(8,'Modern neuroscience is dismantling centuries-old assumptions about the mind, revealing the brain as a dynamic, plastic organ that continuously rewires itself in response to experience. Functional MRI and electrophysiology have made it possible to watch thought form in real time, linking neural circuits to decision-making, emotion, and social cognition. Research on neuroplasticity demonstrates that deliberate practice and new learning can forge entirely new synaptic pathways well into old age. Understanding the neurochemistry of reward and habit formation has profound implications for treating addiction and designing products that respect rather than exploit human attention. The ethical dimensions of neurotechnology — from brain-computer interfaces to cognitive enhancement — are now pressing policy questions.','https://images.unsplash.com/photo-1559757148-5c350d0d3c56','2025-11-14 10:00:00.000000',_binary '\0',1,'2025-11-15 08:00:00.000000','neuroscience-and-human-behavior','PUBLISHED','How advances in brain imaging and molecular biology are transforming our understanding of thought, emotion, and behavior.','Neuroscience and Human Behavior','2025-11-15 08:00:00.000000',800,8,2),(9,'The commercialization of space has catalyzed a renaissance in exploration, with private companies delivering launches at a fraction of the cost that once required national space agencies. Reusable rocket technology has been the single biggest lever, collapsing per-kilogram launch costs and making megaconstellations of internet satellites economically viable. Artemis and competing lunar programs aim to establish a sustained human presence on the Moon as a stepping stone toward Mars, with timelines ranging from the optimistic to the aspirational. Robotic missions continue to yield extraordinary science, from subsurface ice detection on Mars to the sampling of near-Earth asteroids. International cooperation and emerging space law frameworks will be decisive in determining whether space becomes a commons or a contested domain.','https://images.unsplash.com/photo-1446776811953-b23d57bd21aa','2025-11-19 09:00:00.000000',_binary '\0',1,'2025-11-20 07:00:00.000000','space-exploration-in-the-modern-era','PUBLISHED','From reusable rockets to lunar bases and Mars ambitions, a survey of where space exploration stands and where it is headed.','Space Exploration in the Modern Era','2025-11-20 07:00:00.000000',650,6,2),(10,'CRISPR-Cas9 has placed precise gene editing within reach of laboratories around the world, opening therapeutic possibilities that were science fiction a decade ago. The first CRISPR-based therapies for sickle-cell disease and beta-thalassemia have now received regulatory approval, demonstrating that gene editing can cure previously intractable conditions. Next-generation base editors and prime editors offer even finer control, enabling single-nucleotide corrections without inducing double-strand DNA breaks. Germline editing — modifying embryos in heritable ways — remains deeply controversial and is subject to international moratorium calls, despite the 2018 episode that shocked the scientific community. Equitable access to these expensive therapies is the defining challenge: breakthrough treatments must not become privileges reserved for the wealthy.','https://images.unsplash.com/photo-1582719471384-894fbb16e074','2025-11-24 10:00:00.000000',_binary '\0',1,'2025-11-25 08:00:00.000000','gene-editing-and-the-future-of-medicine','PUBLISHED','CRISPR and next-generation gene editors are moving from laboratory tools to approved therapies, with profound ethical stakes.','Gene Editing and the Future of Medicine','2025-11-25 08:00:00.000000',720,9,2),(11,'Modern art emerged in the late nineteenth century as artists began to reject the strict academic traditions that had governed painting and sculpture for centuries. Movements from Impressionism and Cubism to Abstract Expressionism and Pop Art each represented a deliberate rupture with prevailing aesthetics, often reflecting the social and technological upheavals of their era. The rise of conceptual art challenged the very definition of what an artwork could be, shifting emphasis from craft to idea. Digital tools and generative AI are now introducing entirely new creative possibilities — and controversies — around authorship and originality. Art remains one of the most powerful lenses through which societies examine themselves, and each generation inevitably redefines what counts as beauty and meaning.','https://images.unsplash.com/photo-1513364776144-60967b0f800f','2025-11-30 10:00:00.000000',_binary '\0',3,'2025-12-01 08:00:00.000000','the-evolution-of-modern-art','PUBLISHED','A journey through the movements, rebellions, and revolutions that shaped modern art from Impressionism to generative AI.','The Evolution of Modern Art','2025-12-01 08:00:00.000000',2800,10,3),(12,'The digital revolution has fundamentally altered how stories are written, distributed, and consumed, creating both opportunities and existential pressures for traditional publishing. Self-publishing platforms have democratized authorship, allowing writers to reach global audiences without gatekeepers, while also flooding the market with content of highly variable quality. E-readers and audiobooks have expanded reading into moments and demographics previously untapped, yet long-form attention is fiercely competed for by social media and streaming. Literary communities have migrated online, from book-focused social networks to author newsletters with passionate subscriber bases. The question facing literature today is not whether it will survive digitization, but what new forms will emerge that are native to networked, interactive media.','https://images.unsplash.com/photo-1481627834876-b7833e8f5570','2025-12-04 11:00:00.000000',_binary '\0',2,'2025-12-05 09:00:00.000000','literature-in-the-digital-age','PUBLISHED','How self-publishing, e-readers, and social media are reshaping storytelling and the economics of the literary world.','Literature in the Digital Age','2025-12-05 09:00:00.000000',1400,3,3),(13,'Music has always been one of the most direct expressions of cultural identity, serving as a vehicle for collective memory, resistance, and celebration. From the blues carrying the weight of African American history to K-pop becoming a global cultural export, genres are inseparable from the communities that created them. Streaming platforms have created unprecedented global exposure for previously regional sounds, accelerating cross-cultural fusion while raising questions about authenticity and appropriation. Artists increasingly use their platforms to engage with political and social issues, blurring the line between entertainer and activist. In an era of algorithmic curation, the risk is that listeners become trapped in preference bubbles that narrow rather than expand their sonic horizons.','https://images.unsplash.com/photo-1511671782779-c97d3d27a1d4','2025-12-09 10:00:00.000000',_binary '\0',1,'2025-12-10 08:00:00.000000','music-and-cultural-identity','PUBLISHED','Exploring the deep ties between music, identity, and community, and how streaming is reshaping cultural exchange.','Music and Cultural Identity','2025-12-10 08:00:00.000000',600,4,3),(14,'Film has long served as one of the most powerful mediums for social commentary, capable of reaching vast audiences with critiques of power, inequality, and human nature. From the silent-era satire of Charlie Chaplin to the contemporary allegories of Bong Joon-ho, cinema reflects and shapes the cultural conversation of its time. The rise of streaming has disrupted theatrical distribution while simultaneously enabling more diverse stories to reach global audiences without needing Hollywood approval. Documentary filmmaking is experiencing a renaissance, driven by investigative journalism traditions and audiences hungry for real-world narratives. The most enduring films are those that entertain while planting uncomfortable questions that audiences carry long after the credits roll.','https://images.unsplash.com/photo-1489599849927-2ee91cede3ba','2025-12-14 11:00:00.000000',_binary '\0',1,'2025-12-15 09:00:00.000000','cinema-and-social-commentary','PUBLISHED','How cinema has functioned as a mirror and critic of society, and what streaming means for the future of film.','Cinema and Social Commentary','2025-12-15 09:00:00.000000',540,5,3),(15,'Digital culture has become the dominant frame through which younger generations form identity, build community, and make sense of the world. Memes, viral trends, and platform-native aesthetics now influence fashion, language, and politics with a speed that traditional media cannot match. The creator economy has turned cultural production into a career path accessible to millions, democratizing fame while simultaneously commodifying personal expression. Social platforms function as both public squares and surveillance infrastructure, raising profound questions about privacy, mental health, and the governance of speech. Understanding digital culture requires moving beyond technophobia or techno-utopianism to appreciate the complex, contested space it has become.','https://images.unsplash.com/photo-1432888498266-38ffec3eaf0a','2025-12-19 10:00:00.000000',_binary '\0',1,'2025-12-20 08:00:00.000000','the-rise-of-digital-culture','PUBLISHED','A cultural analysis of how digital platforms, memes, and the creator economy are redefining identity and community.','The Rise of Digital Culture','2025-12-20 08:00:00.000000',490,7,3),(16,'Silicon Valley may have invented the modern startup playbook, but thriving ecosystems have now taken root on every continent, from Nairobi to Jakarta and Warsaw to Bogota. Access to venture capital, technical talent, regulatory environment, and cultural tolerance for failure are the key variables that determine whether a city can sustain an entrepreneurial community. Government-backed accelerators and diaspora networks play surprisingly important roles in bootstrapping ecosystems in emerging markets. The post-pandemic shift to remote work has partially decoupled startup formation from geography, allowing founders to build companies without relocating to expensive hubs. The next trillion-dollar companies may emerge from cities that barely registered on the global startup radar just five years ago.','https://images.unsplash.com/photo-1556761175-5973dc0f32e7','2026-01-04 09:00:00.000000',_binary '\0',4,'2026-01-05 07:00:00.000000','startup-ecosystems-around-the-world','PUBLISHED','How startup ecosystems are flourishing far beyond Silicon Valley, and what makes a city fertile ground for entrepreneurship.','Startup Ecosystems Around the World','2026-01-05 07:00:00.000000',4100,2,4),(17,'The investment landscape in 2026 is defined by persistent uncertainty — elevated interest rates, geopolitical fragmentation, and the accelerating disruption of multiple industries by artificial intelligence. Diversification across asset classes remains the foundational principle, but the old 60/40 stock-bond portfolio requires rethinking as correlations shift in inflationary regimes. Alternative assets including private equity, real assets, and digital tokens have moved from niche to mainstream allocations for institutional and sophisticated retail investors alike. Factor investing and evidence-based quantitative strategies continue to outperform high-fee active management over long horizons, reinforcing the case for low-cost index exposure as a core holding. Behavioral discipline — staying invested through volatility and avoiding performance-chasing — remains the highest-return skill any investor can develop.','https://images.unsplash.com/photo-1611974789855-9c2a0a7236a3','2026-01-09 10:00:00.000000',_binary '\0',2,'2026-01-10 08:00:00.000000','investment-strategies-for-2026','PUBLISHED','Navigating markets in 2026: from portfolio construction and alternatives to behavioral discipline in uncertain times.','Investment Strategies for 2026','2026-01-10 08:00:00.000000',1200,8,4),(18,'The remote-work experiment forced on the global economy in 2020 has permanently altered expectations around where, when, and how knowledge work gets done. Hybrid arrangements have emerged as the dominant model in most knowledge-work sectors, with employees prioritizing flexibility as a top-three compensation factor. Office design has pivoted from assigned desk farms to collaborative hubs intentionally engineered for the meetings and social interactions that remote cannot replicate. Asynchronous communication culture — clear written documentation, recorded videos, and thoughtful response norms — is becoming a competitive advantage for distributed teams. The organizations winning the talent market are those that offer genuine flexibility while investing in deliberate rituals that maintain cohesion and shared culture.','https://images.unsplash.com/photo-1497366216548-37526070297c','2026-01-14 11:00:00.000000',_binary '\0',1,'2026-01-15 09:00:00.000000','remote-work-and-the-future-of-offices','PUBLISHED','How hybrid work has reshaped office design, team culture, and talent strategy in the years since the remote-work revolution.','Remote Work and the Future of Offices','2026-01-15 09:00:00.000000',780,9,4),(19,'E-commerce has evolved from a convenient alternative to physical retail into the default channel for an expanding range of consumer categories. Social commerce — purchasing without leaving a social feed — is growing rapidly in Southeast Asia and making inroads in Western markets, compressing the discovery-to-checkout funnel to seconds. Logistics infrastructure has become the primary competitive battleground, with same-day and even hour-level delivery reshaping consumer expectations across grocery, pharmacy, and electronics. AI-driven personalization is enabling retailers to surface relevant products with precision that traditional merchandising could never achieve at scale. Sustainability concerns are mounting against the packaging waste and carbon footprint of e-commerce fulfillment, pushing brands toward greener supply-chain commitments.','https://images.unsplash.com/photo-1556742049-0cfed4f6a45d','2026-01-19 10:00:00.000000',_binary '\0',1,'2026-01-20 08:00:00.000000','e-commerce-transformation','PUBLISHED','How social commerce, lightning-fast logistics, and AI personalization are redefining the global e-commerce landscape.','E-commerce Transformation','2026-01-20 08:00:00.000000',660,10,4),(20,'Sustainability has shifted from a corporate social responsibility checkbox to a core strategic imperative, driven by regulatory pressure, investor expectations, and changing consumer values. The European Corporate Sustainability Reporting Directive and comparable regulations globally are mandating granular disclosure of environmental, social, and governance metrics that were once voluntary. Scope 3 emissions — those generated by a company\'s supply chain and customers — are increasingly in scope for corporate climate commitments, forcing upstream and downstream accountability. Circular economy models that design out waste and keep materials in use longer are proving commercially viable in sectors from apparel to electronics. Leaders who embed sustainability into product design and business-model innovation, rather than treating it as a communications exercise, are building durable competitive advantages.','https://images.unsplash.com/photo-1542601906990-b4d3fb778b09','2026-01-24 09:00:00.000000',_binary '\0',1,'2026-01-25 07:30:00.000000','sustainable-business-practices','PUBLISHED','Why sustainability is no longer optional, and how forward-thinking companies are turning environmental accountability into competitive advantage.','Sustainable Business Practices','2026-05-02 00:49:25.391140',581,3,4),(21,'Mental health awareness has reached a cultural tipping point, yet the gap between need and available care remains enormous in both high-income and low-income countries. Anxiety and depression rates surged during the pandemic years and have not fully returned to baseline, particularly among adolescents and young adults who spent formative years in disrupted social environments. Digital mental health tools — from AI-assisted therapy apps to peer-support communities — are expanding access but raise questions about safety, efficacy, and the limits of technology in replacing human connection. Workplace mental health programs are maturing beyond awareness campaigns into structural interventions: workload management, manager training, and culturally sensitive employee assistance. Reducing stigma remains the prerequisite: people cannot seek help for conditions they are ashamed to name.','https://images.unsplash.com/photo-1559757175-0eb30cd8c063','2026-01-31 10:00:00.000000',_binary '\0',3,'2026-02-01 08:00:00.000000','mental-health-in-the-modern-world','PUBLISHED','Examining the mental health crisis of our time, the barriers to care, and the innovations trying to close the gap.','Mental Health in the Modern World','2026-02-01 08:00:00.000000',3200,4,5),(22,'Nutrition science is one of the most contested fields in medicine, plagued by epidemiological studies that confound causation with correlation and industry funding that shapes research agendas. The consensus that has emerged from the highest-quality evidence points toward dietary patterns rather than individual superfoods: abundant vegetables, legumes, whole grains, and healthy fats; moderate lean protein; and minimal ultra-processed food. Personalized nutrition — using microbiome profiling and continuous glucose monitoring to tailor dietary recommendations — is an exciting frontier, though the evidence base is still maturing. Food environment matters enormously: access to fresh, affordable whole foods is a function of geography and income, making nutrition a social justice issue as much as a personal responsibility one. Sustainable dietary patterns that are good for human health also tend to have lower environmental footprints, aligning individual and planetary well-being.','https://images.unsplash.com/photo-1490645935967-10de6ba17061','2026-02-07 09:00:00.000000',_binary '\0',2,'2026-02-08 07:30:00.000000','nutrition-science-and-healthy-living','PUBLISHED','Separating nutritional science from noise: what the evidence actually says about diet, personalized nutrition, and food systems.','Nutrition Science and Healthy Living','2026-02-08 07:30:00.000000',1700,5,5),(23,'The evidence for physical exercise as the most powerful longevity intervention available is arguably stronger than for any pharmaceutical, with regular activity reducing all-cause mortality by thirty to thirty-five percent across large prospective studies. Aerobic fitness, measured by VO2 max, is the single best predictor of long-term health outcomes, surpassing smoking status, blood pressure, and even genetic risk factors in predictive models. Resistance training preserves muscle mass and bone density, countering the sarcopenia that accelerates functional decline in later decades. Zone 2 cardiovascular training — sustained effort at moderate intensity — builds mitochondrial density and metabolic efficiency in ways that brief high-intensity bursts cannot fully replicate. The practical prescription is simpler than the fitness industry suggests: move consistently, mix intensities, and prioritize strength as you age.','https://images.unsplash.com/photo-1571019613454-1cb2f99b2d8b','2026-02-14 10:00:00.000000',_binary '\0',1,'2026-02-15 08:00:00.000000','exercise-and-longevity','PUBLISHED','What the science of exercise physiology reveals about living longer, stronger, and healthier through movement.','Exercise and Longevity','2026-02-15 08:00:00.000000',890,6,5),(24,'Sleep is the biological process most systematically undervalued in modern productivity culture, despite overwhelming evidence that chronic sleep restriction impairs cognition, immune function, and emotional regulation. Adults require seven to nine hours of quality sleep per night, and the individual variation around this range is far narrower than self-reported data suggests — most people who claim to thrive on five hours are simply habituated to impairment. Circadian biology research has revealed that the timing of sleep relative to an individual\'s chronotype affects outcomes nearly as much as duration, making rigid early-morning schedules counterproductive for evening types. Sleep hygiene interventions — consistent bedtimes, dark and cool sleeping environments, and limiting blue-light exposure in the evening — have robust evidence and zero side effects. Organizations that respect employee chronotypes and discourage after-hours communication see measurable gains in output quality and reduced burnout.','https://images.unsplash.com/photo-1541781774459-bb2af2f05b55','2026-02-21 09:00:00.000000',_binary '\0',1,'2026-02-22 07:30:00.000000','sleep-science-and-productivity','PUBLISHED','Why sleep is your most powerful performance tool, and what science says about optimizing its quality and timing.','Sleep Science and Productivity','2026-02-22 07:30:00.000000',740,7,5),(25,'Mindfulness-based interventions have accumulated a substantial evidence base over the past four decades, with well-designed randomized trials demonstrating reductions in perceived stress, anxiety symptoms, and depressive relapse rates. The core practice — sustained, non-judgmental attention to present-moment experience — is simple to describe and genuinely difficult to maintain, which partly explains why structured eight-week programs outperform casual app usage in clinical outcomes. Neuroimaging studies show measurable changes in prefrontal cortex thickness and amygdala reactivity after consistent practice, suggesting structural rather than merely attitudinal changes. Mindfulness has been adapted for schools, hospitals, prisons, and military units with promising results across highly varied populations. The commercialization of mindfulness through wellness apps raises legitimate questions about dilution and cultural appropriation, but the underlying contemplative practices remain freely accessible to anyone willing to sit and breathe.','https://images.unsplash.com/photo-1506126613408-eca07ce68773','2026-02-28 10:00:00.000000',_binary '\0',1,'2026-03-01 08:00:00.000000','mindfulness-and-stress-reduction','PUBLISHED','The science behind mindfulness, why structured practice outperforms casual meditation, and how to build a sustainable habit.','Mindfulness and Stress Reduction','2026-03-01 08:00:00.000000',630,8,5),(26,'Design thinking offers a human-centered framework for solving complex problems that has migrated from design consultancies into engineering teams, government agencies, and hospital systems around the world. The process — empathize, define, ideate, prototype, test — is iterative rather than linear, encouraging teams to fail cheaply and early rather than expensively and late. User research, the bedrock of the empathy phase, is frequently compressed or skipped under schedule pressure, which is precisely when it is most valuable. Cross-functional collaboration is a structural requirement of the approach: the best solutions emerge when domain experts, designers, and end-users participate together from the earliest stages. Organizations that adopt design thinking as a cultural practice rather than a workshop format tend to build products that people actually want to use.','https://images.unsplash.com/photo-1454165804606-c3d57bc86b40','2026-03-04 09:00:00.000000',_binary '\0',2,'2026-03-05 07:30:00.000000','design-thinking-in-product-development','PUBLISHED','How design thinking\'s human-centered process is transforming product development across industries far beyond traditional design.','Design Thinking in Product Development','2026-03-05 07:30:00.000000',1600,9,6),(27,'Color is one of the most immediate and emotionally potent elements in a designer\'s toolkit, capable of communicating brand values, guiding attention, and triggering affective responses before a single word is read. Hue, saturation, and lightness interact with cultural context in ways that make universal color associations largely a myth — white signals mourning in some East Asian cultures and purity in many Western ones. Accessibility standards require that text and background colors meet minimum contrast ratios for users with visual impairments, making inclusive color practice both an ethical obligation and a legal requirement in many jurisdictions. Color palettes developed from a clear brand strategy — grounded in the emotions a product should evoke and the audiences it must reach — outlast trend cycles and create recognition that compound over time. Testing color decisions with real users, rather than relying solely on designer intuition, consistently surfaces surprising mismatches between intended and perceived meaning.','https://images.unsplash.com/photo-1541701494587-cb58502866ab','2026-03-09 10:00:00.000000',_binary '\0',1,'2026-03-10 08:00:00.000000','the-psychology-of-color-in-design','PUBLISHED','How hue, saturation, cultural context, and accessibility combine to make color one of design\'s most powerful and complex tools.','The Psychology of Color in Design','2026-06-01 00:02:41.070021',922,10,6),(28,'Typography is the invisible architecture of written communication, shaping how readers experience information before they consciously process a single word. The choice between a serif and sans-serif typeface carries connotations of tradition versus modernity, authority versus approachability, that designers must wield deliberately. Variable fonts are a technical breakthrough that allows a single font file to contain the full spectrum of weights and widths, enabling responsive typography that adapts fluidly to different screen sizes and reading contexts. Typographic hierarchy — using scale, weight, and spacing to signal the relative importance of content — is one of the most learnable and highest-impact skills in visual communication. Great typography is ultimately invisible: when it works, readers absorb the message without ever noticing the medium.','https://images.unsplash.com/photo-1467232004584-a241de8bcf5d','2026-03-14 09:00:00.000000',_binary '\0',0,NULL,'typography-and-visual-communication','DRAFT','An exploration of how typeface selection, hierarchy, and variable fonts shape the reader\'s experience of written content.','Typography and Visual Communication','2026-03-15 10:00:00.000000',0,2,6),(29,'User experience design is the discipline of shaping every point of contact between a person and a product, with the goal of making interactions feel effortless, meaningful, and even delightful. The foundational heuristics articulated by Jakob Nielsen in the 1990s — visibility of system status, match between system and real world, user control — remain as relevant as ever despite radical changes in interface technology. Information architecture, the structural design of content organization, is often underinvested in relative to visual design, yet it determines whether users can find what they need without frustration. Usability testing does not require expensive labs: five representative users completing realistic tasks reveal the majority of critical issues in any interface. As AI interfaces — voice, conversation, and ambient computing — proliferate, UX principles must expand to address the unique challenges of non-visual and multi-modal interaction.','https://images.unsplash.com/photo-1586717791821-3f44a563fa4c','2026-03-19 11:00:00.000000',_binary '\0',0,NULL,'user-experience-design-principles','DRAFT','Core principles of user experience design, from information architecture and heuristic evaluation to testing AI-driven interfaces.','User Experience Design Principles','2026-03-20 09:00:00.000000',0,3,6),(30,'Sustainable design challenges practitioners to consider the full lifecycle of a product — from raw material extraction and manufacturing through use, end-of-life, and material recovery — rather than optimizing only for the moment of sale. Biomimicry draws on 3.8 billion years of evolutionary problem-solving to inspire materials and structural forms that achieve performance with minimal resource expenditure. Designing for disassembly, a core circular-economy principle, requires rethinking how components are joined and labeled so that they can be efficiently separated and recovered rather than landfilled. Digital fabrication, including 3D printing with recycled or bio-based materials, is opening new possibilities for localized, on-demand production that reduces transportation emissions. The most transformative shift is from product to service models — designing access and outcomes rather than objects, which fundamentally changes the incentive to extend rather than obsolete.','https://images.unsplash.com/photo-1473341304170-971dccb5ac1e','2026-03-24 10:00:00.000000',_binary '\0',0,NULL,'sustainable-design-for-the-future','DRAFT','How lifecycle thinking, biomimicry, and circular-economy principles are reshaping design practice for a resource-constrained future.','Sustainable Design for the Future','2026-03-25 08:00:00.000000',0,11,6),(31,'<p>Test</p>','http://localhost:8080/uploads/0fa11002-a86b-488b-a6a2-e61ae5b41993.png','2026-05-31 23:56:19.165976',_binary '',0,'2026-05-31 23:56:40.658381','test','PUBLISHED','Test','Test','2026-05-31 23:56:55.733452',0,1,1),(32,'<p>ss</p>','http://localhost:8080/uploads/b4db2f6f-070c-4316-a461-49f6219ef6d9.png','2026-06-01 00:03:54.888152',_binary '',0,'2026-06-01 00:16:05.081083','aa','PUBLISHED','aa','aa','2026-06-01 00:16:07.647582',0,1,1),(33,'<p>test</p>','http://localhost:8080/uploads/142d8231-9def-42b4-825a-65767e2f29bc.png','2026-06-04 07:51:04.277553',_binary '\0',0,NULL,'test-one','DRAFT','Omar','Test one','2026-06-04 07:51:04.277553',0,1,1);
/*!40000 ALTER TABLE `articles` ENABLE KEYS */;
UNLOCK TABLES;

--
-- Table structure for table `categories`
--

DROP TABLE IF EXISTS `categories`;
/*!40101 SET @saved_cs_client     = @@character_set_client */;
/*!50503 SET character_set_client = utf8mb4 */;
CREATE TABLE `categories` (
  `id` bigint NOT NULL AUTO_INCREMENT,
  `deleted` bit(1) NOT NULL,
  `description` varchar(500) COLLATE utf8mb4_unicode_ci DEFAULT NULL,
  `name` varchar(255) COLLATE utf8mb4_unicode_ci NOT NULL,
  `slug` varchar(255) COLLATE utf8mb4_unicode_ci NOT NULL,
  PRIMARY KEY (`id`),
  UNIQUE KEY `UKt8o6pivur7nn124jehx7cygw5` (`name`),
  UNIQUE KEY `UKoul14ho7bctbefv8jywp5v3i2` (`slug`)
) ENGINE=InnoDB AUTO_INCREMENT=7 DEFAULT CHARSET=utf8mb4 COLLATE=utf8mb4_unicode_ci;
/*!40101 SET character_set_client = @saved_cs_client */;

--
-- Dumping data for table `categories`
--

LOCK TABLES `categories` WRITE;
/*!40000 ALTER TABLE `categories` DISABLE KEYS */;
INSERT INTO `categories` VALUES (1,_binary '\0','Articles covering software, hardware, programming, and the latest tech innovations shaping our digital world.','Technology','technology'),(2,_binary '\0','Deep dives into research, discoveries, and breakthroughs across physics, biology, chemistry, and beyond.','Science','science'),(3,_binary '\0','Exploring art, literature, music, film, and the social forces that define human experience.','Culture','culture'),(4,_binary '\0','Insights on entrepreneurship, markets, leadership, finance, and the evolving world of work.','Business','business'),(5,_binary '\0','Evidence-based articles on physical and mental well-being, nutrition, fitness, and modern medicine.','Health','health'),(6,_binary '\0','A look at visual design, UX, product thinking, typography, and the craft of beautiful creation.','Design','design');
/*!40000 ALTER TABLE `categories` ENABLE KEYS */;
UNLOCK TABLES;

--
-- Table structure for table `comments`
--

DROP TABLE IF EXISTS `comments`;
/*!40101 SET @saved_cs_client     = @@character_set_client */;
/*!50503 SET character_set_client = utf8mb4 */;
CREATE TABLE `comments` (
  `id` bigint NOT NULL AUTO_INCREMENT,
  `content` text COLLATE utf8mb4_unicode_ci NOT NULL,
  `created_at` datetime(6) NOT NULL,
  `deleted` bit(1) NOT NULL,
  `article_id` bigint NOT NULL,
  `author_id` bigint NOT NULL,
  PRIMARY KEY (`id`),
  KEY `FKk4ib6syde10dalk7r7xdl0m5p` (`article_id`),
  KEY `FKn2na60ukhs76ibtpt9burkm27` (`author_id`),
  CONSTRAINT `FKk4ib6syde10dalk7r7xdl0m5p` FOREIGN KEY (`article_id`) REFERENCES `articles` (`id`),
  CONSTRAINT `FKn2na60ukhs76ibtpt9burkm27` FOREIGN KEY (`author_id`) REFERENCES `users` (`id`)
) ENGINE=InnoDB AUTO_INCREMENT=46 DEFAULT CHARSET=utf8mb4 COLLATE=utf8mb4_unicode_ci;
/*!40101 SET character_set_client = @saved_cs_client */;

--
-- Dumping data for table `comments`
--

LOCK TABLES `comments` WRITE;
/*!40000 ALTER TABLE `comments` DISABLE KEYS */;
INSERT INTO `comments` VALUES (1,'This is one of the most balanced takes on AI I have read in months. The point about explainability being a prerequisite for trust really resonated with me.','2025-10-11 10:00:00.000000',_binary '\0',1,12),(2,'Great overview, though I think the timeline for AGI is far more uncertain than even the cautious estimates suggest. We are still nowhere near human-level general reasoning.','2025-10-13 14:30:00.000000',_binary '\0',1,22),(3,'The displacement question keeps me up at night. My entire department could theoretically be automated within three years and nobody is talking about it seriously.','2025-10-20 09:15:00.000000',_binary '\0',1,35),(4,'Kubernetes has genuinely changed how we operate at my company. The learning curve is steep but the operational maturity it enables is worth it.','2025-10-18 11:30:00.000000',_binary '\0',2,17),(5,'Would love a follow-up focused specifically on database scalability strategies — that is always the bottleneck nobody prepares for early enough.','2025-10-23 13:00:00.000000',_binary '\0',2,30),(6,'Flutter has been a game-changer for our small team. We ship features to iOS and Android simultaneously and the widget system makes custom UI a joy to build.','2025-10-22 09:45:00.000000',_binary '\0',3,19),(7,'On-device AI inference is still far from production-ready on low-end Android devices. The article is slightly optimistic on that front.','2025-10-27 14:00:00.000000',_binary '\0',3,28),(8,'FinOps is something more engineering teams need to take seriously. We were burning $40K a month on idle resources before someone finally audited our AWS bills.','2025-10-28 10:30:00.000000',_binary '\0',4,21),(9,'The shared responsibility model section is exactly what I will share with our executive team. They still think moving to the cloud means someone else handles security.','2025-11-02 11:00:00.000000',_binary '\0',4,34),(10,'The emphasis on model drift is so important and so underrepresented in introductory ML content. Most tutorials stop at validation accuracy as if deployment does not exist.','2025-11-03 10:15:00.000000',_binary '\0',5,23),(11,'Fairness and interpretability deserve a dedicated article. They are deep enough topics that a paragraph each does not do justice to the complexity involved.','2025-11-07 13:30:00.000000',_binary '\0',5,40),(12,'The topological qubit angle is fascinating. Microsoft has been betting on this approach for over a decade and it finally seems to be approaching tangible results.','2025-11-08 09:00:00.000000',_binary '\0',6,26),(13,'Post-quantum cryptography cannot come soon enough. Our organization is already inventorying our cryptographic assets to prepare for the migration.','2025-11-14 14:00:00.000000',_binary '\0',6,42),(14,'The framing around Scope 3 emissions is well done. Most climate commitments look weak once you account for the full supply chain footprint.','2025-11-13 10:00:00.000000',_binary '\0',7,29),(15,'I appreciate the balance here. Adaptation is still treated as giving up in many policy circles when it is actually an essential parallel track to mitigation.','2025-11-17 12:45:00.000000',_binary '\0',7,50),(16,'The section on neuroplasticity aligns with what I have observed in cognitive rehabilitation. The brain\'s ability to reorganize even after significant injury is remarkable.','2025-11-18 09:30:00.000000',_binary '\0',8,31),(17,'The cost-per-kg drop from reusability has been genuinely transformational. It is easy to forget how recently this was considered impossible by most of the industry.','2025-11-23 11:00:00.000000',_binary '\0',9,32),(18,'Space law is the real wildcard here. The Outer Space Treaty was not designed for commercial actors and the gaps are becoming more obvious with every Starlink launch.','2025-11-28 14:30:00.000000',_binary '\0',9,45),(19,'The equity point is critical. If CRISPR therapies cost hundreds of thousands of dollars, they are essentially inaccessible to the populations who bear the highest disease burden.','2025-11-28 10:00:00.000000',_binary '\0',10,33),(20,'The distinction between somatic and germline editing is something the popular press consistently conflates. Thank you for being precise about it.','2025-12-02 13:00:00.000000',_binary '\0',10,54),(21,'The section on generative AI and authorship is the conversation the art world needs to have right now. The Christie\'s auction in 2018 barely scratched the surface.','2025-12-04 09:15:00.000000',_binary '\0',11,35),(22,'I have always found the conceptual art movement difficult to appreciate but this article gave me enough context to understand what it was reacting against. Well written.','2025-12-07 11:30:00.000000',_binary '\0',11,48),(23,'Substack has completely changed my reading habits. I now pay directly for six writers whose work I would never have found through traditional publishing pipelines.','2025-12-07 10:30:00.000000',_binary '\0',12,37),(24,'The question of what forms are native to networked media is one I think about constantly as someone who writes serialized fiction online. The tools barely exist yet.','2025-12-12 14:00:00.000000',_binary '\0',12,60),(25,'K-pop\'s global rise is a genuinely interesting case study in how strategic cultural production combined with fan community architecture can cross language barriers.','2025-12-13 10:00:00.000000',_binary '\0',13,39),(26,'The algorithmic bubble point is real. My Spotify recommendations became almost claustrophobically narrow until I started actively seeking out new genres manually.','2025-12-17 12:30:00.000000',_binary '\0',13,52),(27,'Bong Joon-ho is a perfect example of how cinema can work simultaneously as popular entertainment and serious social critique without either quality undercutting the other.','2025-12-18 09:45:00.000000',_binary '\0',14,40),(28,'The creator economy point cuts both ways. Yes it democratizes fame, but it also forces creators to become marketers and data analysts, which erodes time for the actual creative work.','2025-12-23 11:00:00.000000',_binary '\0',15,41),(29,'The observation about diaspora networks is underappreciated. The connections between Silicon Valley and Lagos or Nairobi are genuinely driving capital and mentorship flows back.','2026-01-08 09:30:00.000000',_binary '\0',16,43),(30,'Remote work decoupling founders from hubs is interesting in theory but investor networks are still highly geographically concentrated. Has that actually changed in practice?','2026-01-12 13:00:00.000000',_binary '\0',16,62),(31,'The behavioral discipline section is the most important and the least glamorous part of investing. Most people would be better served by automating contributions and ignoring their portfolio.','2026-01-13 10:15:00.000000',_binary '\0',17,46),(32,'The case for low-cost index funds has been made so thoroughly by now that the active management industry\'s continued existence is essentially a tribute to marketing over evidence.','2026-01-18 14:30:00.000000',_binary '\0',17,70),(33,'The asynchronous communication culture point is the one thing most organizations get wrong. Defaulting to a meeting for everything that used to happen in an office is not the same as thriving remotely.','2026-01-18 10:00:00.000000',_binary '\0',18,48),(34,'Our team moved to fully async with a four-hour overlap window and productivity genuinely increased. The documentation culture alone is worth the adjustment period.','2026-01-22 12:45:00.000000',_binary '\0',18,75),(35,'The packaging waste problem is enormous and largely invisible to consumers. I would love to see extended producer responsibility legislation applied seriously to e-commerce.','2026-01-23 11:00:00.000000',_binary '\0',19,49),(36,'Scope 3 disclosure requirements are going to be the biggest compliance challenge for most supply chains over the next five years. Most companies have no idea where to start.','2026-01-28 09:30:00.000000',_binary '\0',20,50),(37,'The shift to product-as-service models is genuinely exciting. When a manufacturer profits from product longevity rather than replacement cycles, the incentives finally align with sustainability.','2026-02-02 13:00:00.000000',_binary '\0',20,80),(38,'The point about stigma being the prerequisite is so true. Until people can name what they are experiencing without shame, all the expanded services in the world will go unused.','2026-02-04 10:00:00.000000',_binary '\0',21,51),(39,'Workplace mental health programs are mostly theater at the companies I have worked for. Real change requires workload reduction and manager accountability, not free meditation apps.','2026-02-08 14:15:00.000000',_binary '\0',21,63),(40,'The industry funding point deserves to be screamed from rooftops. The correlation between sugar-industry-funded research and findings exonerating sugar is not coincidental.','2026-02-11 09:45:00.000000',_binary '\0',22,54),(41,'Continuous glucose monitors changed how I understand my own body\'s response to different foods. The personalization angle is real even if the evidence base is still catching up.','2026-02-15 12:00:00.000000',_binary '\0',22,72),(42,'The VO2 max finding was striking when I first read the underlying paper. It genuinely predicts longevity better than almost any other biomarker we can measure non-invasively.','2026-02-18 10:30:00.000000',_binary '\0',23,56),(43,'The chronotype point is one I wish my employer understood. I am categorically not a morning person and forcing 9am standups has measurable costs to my cognitive output.','2026-02-25 09:00:00.000000',_binary '\0',24,57),(44,'The data on how quickly cognitive impairment accumulates from sleep restriction is sobering. We treat sleep deprivation as a badge of honor when it should be treated as an injury.','2026-03-01 13:30:00.000000',_binary '\0',24,85),(45,'The distinction between structured MBSR programs and casual app usage in clinical outcomes matches my own experience. Ten minutes of guided audio is not the same as intentional practice.','2026-03-04 10:15:00.000000',_binary '\0',25,58);
/*!40000 ALTER TABLE `comments` ENABLE KEYS */;
UNLOCK TABLES;

--
-- Table structure for table `tags`
--

DROP TABLE IF EXISTS `tags`;
/*!40101 SET @saved_cs_client     = @@character_set_client */;
/*!50503 SET character_set_client = utf8mb4 */;
CREATE TABLE `tags` (
  `id` bigint NOT NULL AUTO_INCREMENT,
  `name` varchar(255) COLLATE utf8mb4_unicode_ci NOT NULL,
  `slug` varchar(255) COLLATE utf8mb4_unicode_ci NOT NULL,
  PRIMARY KEY (`id`),
  UNIQUE KEY `UKt48xdq560gs3gap9g7jg36kgc` (`name`),
  UNIQUE KEY `UKsn0d91hxu700qcw0n4pebp5vc` (`slug`)
) ENGINE=InnoDB AUTO_INCREMENT=13 DEFAULT CHARSET=utf8mb4 COLLATE=utf8mb4_unicode_ci;
/*!40101 SET character_set_client = @saved_cs_client */;

--
-- Dumping data for table `tags`
--

LOCK TABLES `tags` WRITE;
/*!40000 ALTER TABLE `tags` DISABLE KEYS */;
INSERT INTO `tags` VALUES (1,'AI','ai'),(2,'Web','web'),(3,'Mobile','mobile'),(4,'Cloud','cloud'),(5,'Data','data'),(6,'UX','ux'),(7,'Finance','finance'),(8,'Wellness','wellness'),(9,'Innovation','innovation'),(10,'Research','research'),(11,'Productivity','productivity'),(12,'Sustainability','sustainability');
/*!40000 ALTER TABLE `tags` ENABLE KEYS */;
UNLOCK TABLES;

--
-- Table structure for table `users`
--

DROP TABLE IF EXISTS `users`;
/*!40101 SET @saved_cs_client     = @@character_set_client */;
/*!50503 SET character_set_client = utf8mb4 */;
CREATE TABLE `users` (
  `id` bigint NOT NULL AUTO_INCREMENT,
  `created_at` datetime(6) NOT NULL,
  `deleted` bit(1) NOT NULL,
  `email` varchar(255) COLLATE utf8mb4_unicode_ci NOT NULL,
  `email_verification_token` varchar(255) COLLATE utf8mb4_unicode_ci DEFAULT NULL,
  `email_verification_token_expiry` datetime(6) DEFAULT NULL,
  `email_verified` bit(1) NOT NULL,
  `password` varchar(255) COLLATE utf8mb4_unicode_ci NOT NULL,
  `reset_password_token` varchar(255) COLLATE utf8mb4_unicode_ci DEFAULT NULL,
  `reset_password_token_expiry` datetime(6) DEFAULT NULL,
  `role` enum('ADMIN','AUTHOR','READER') COLLATE utf8mb4_unicode_ci NOT NULL,
  `token_version` int NOT NULL,
  `username` varchar(50) COLLATE utf8mb4_unicode_ci NOT NULL,
  PRIMARY KEY (`id`),
  UNIQUE KEY `UK6dotkott2kjsp8vw4d0m25fb7` (`email`),
  UNIQUE KEY `UKr43af9ap4edm43mmtq01oddj6` (`username`)
) ENGINE=InnoDB AUTO_INCREMENT=114 DEFAULT CHARSET=utf8mb4 COLLATE=utf8mb4_unicode_ci;
/*!40101 SET character_set_client = @saved_cs_client */;

--
-- Dumping data for table `users`
--

LOCK TABLES `users` WRITE;
/*!40000 ALTER TABLE `users` DISABLE KEYS */;
INSERT INTO `users` VALUES (1,'2025-10-01 08:00:00.000000',_binary '\0','admin@articlesdb.com',NULL,NULL,_binary '','$2a$10$03gsAbElre.V884Shq6TOu.NRIso9Z.zAImB74nz6lryrXXRDIGIa',NULL,NULL,'ADMIN',0,'admin'),(2,'2025-10-02 09:15:00.000000',_binary '\0','james.wilson@articlesdb.com',NULL,NULL,_binary '','$2a$10$03gsAbElre.V884Shq6TOu.NRIso9Z.zAImB74nz6lryrXXRDIGIa',NULL,NULL,'AUTHOR',0,'james_wilson'),(3,'2025-10-02 10:30:00.000000',_binary '\0','sarah.chen@articlesdb.com',NULL,NULL,_binary '','$2a$10$03gsAbElre.V884Shq6TOu.NRIso9Z.zAImB74nz6lryrXXRDIGIa',NULL,NULL,'AUTHOR',0,'sarah_chen'),(4,'2025-10-03 08:45:00.000000',_binary '\0','omar.ali@articlesdb.com',NULL,NULL,_binary '','$2a$10$03gsAbElre.V884Shq6TOu.NRIso9Z.zAImB74nz6lryrXXRDIGIa',NULL,NULL,'AUTHOR',0,'omar_ali'),(5,'2025-10-03 11:00:00.000000',_binary '\0','emily.brooks@articlesdb.com',NULL,NULL,_binary '','$2a$10$03gsAbElre.V884Shq6TOu.NRIso9Z.zAImB74nz6lryrXXRDIGIa',NULL,NULL,'AUTHOR',0,'emily_brooks'),(6,'2025-10-04 09:30:00.000000',_binary '\0','liam.nguyen@articlesdb.com',NULL,NULL,_binary '','$2a$10$03gsAbElre.V884Shq6TOu.NRIso9Z.zAImB74nz6lryrXXRDIGIa',NULL,NULL,'AUTHOR',0,'liam_nguyen'),(7,'2025-10-04 14:00:00.000000',_binary '\0','aisha.malik@articlesdb.com',NULL,NULL,_binary '','$2a$10$03gsAbElre.V884Shq6TOu.NRIso9Z.zAImB74nz6lryrXXRDIGIa',NULL,NULL,'AUTHOR',0,'aisha_malik'),(8,'2025-10-05 08:00:00.000000',_binary '\0','carlos.reyes@articlesdb.com',NULL,NULL,_binary '','$2a$10$03gsAbElre.V884Shq6TOu.NRIso9Z.zAImB74nz6lryrXXRDIGIa',NULL,NULL,'AUTHOR',0,'carlos_reyes'),(9,'2025-10-05 10:15:00.000000',_binary '\0','priya.sharma@articlesdb.com',NULL,NULL,_binary '','$2a$10$03gsAbElre.V884Shq6TOu.NRIso9Z.zAImB74nz6lryrXXRDIGIa',NULL,NULL,'AUTHOR',0,'priya_sharma'),(10,'2025-10-06 09:00:00.000000',_binary '\0','felix.wagner@articlesdb.com',NULL,NULL,_binary '','$2a$10$03gsAbElre.V884Shq6TOu.NRIso9Z.zAImB74nz6lryrXXRDIGIa',NULL,NULL,'AUTHOR',0,'felix_wagner'),(11,'2025-10-06 11:30:00.000000',_binary '\0','nina.petrov@articlesdb.com',NULL,NULL,_binary '','$2a$10$03gsAbElre.V884Shq6TOu.NRIso9Z.zAImB74nz6lryrXXRDIGIa',NULL,NULL,'AUTHOR',0,'nina_petrov'),(12,'2025-10-07 08:00:00.000000',_binary '\0','reader001@mail.com',NULL,NULL,_binary '','$2a$10$03gsAbElre.V884Shq6TOu.NRIso9Z.zAImB74nz6lryrXXRDIGIa',NULL,NULL,'READER',0,'reader_001'),(13,'2025-10-07 09:20:00.000000',_binary '\0','reader002@mail.com',NULL,NULL,_binary '','$2a$10$03gsAbElre.V884Shq6TOu.NRIso9Z.zAImB74nz6lryrXXRDIGIa',NULL,NULL,'READER',0,'reader_002'),(14,'2025-10-08 10:00:00.000000',_binary '\0','reader003@mail.com',NULL,NULL,_binary '','$2a$10$03gsAbElre.V884Shq6TOu.NRIso9Z.zAImB74nz6lryrXXRDIGIa',NULL,NULL,'READER',0,'reader_003'),(15,'2025-10-08 11:45:00.000000',_binary '\0','reader004@mail.com',NULL,NULL,_binary '','$2a$10$03gsAbElre.V884Shq6TOu.NRIso9Z.zAImB74nz6lryrXXRDIGIa',NULL,NULL,'READER',0,'reader_004'),(16,'2025-10-09 08:30:00.000000',_binary '\0','reader005@mail.com',NULL,NULL,_binary '','$2a$10$03gsAbElre.V884Shq6TOu.NRIso9Z.zAImB74nz6lryrXXRDIGIa',NULL,NULL,'READER',0,'reader_005'),(17,'2025-10-09 13:00:00.000000',_binary '\0','reader006@mail.com',NULL,NULL,_binary '','$2a$10$03gsAbElre.V884Shq6TOu.NRIso9Z.zAImB74nz6lryrXXRDIGIa',NULL,NULL,'READER',0,'reader_006'),(18,'2025-10-10 09:00:00.000000',_binary '\0','reader007@mail.com',NULL,NULL,_binary '','$2a$10$03gsAbElre.V884Shq6TOu.NRIso9Z.zAImB74nz6lryrXXRDIGIa',NULL,NULL,'READER',0,'reader_007'),(19,'2025-10-10 14:15:00.000000',_binary '\0','reader008@mail.com',NULL,NULL,_binary '','$2a$10$03gsAbElre.V884Shq6TOu.NRIso9Z.zAImB74nz6lryrXXRDIGIa',NULL,NULL,'READER',0,'reader_008'),(20,'2025-10-11 08:45:00.000000',_binary '\0','reader009@mail.com',NULL,NULL,_binary '','$2a$10$03gsAbElre.V884Shq6TOu.NRIso9Z.zAImB74nz6lryrXXRDIGIa',NULL,NULL,'READER',0,'reader_009'),(21,'2025-10-11 10:30:00.000000',_binary '\0','reader010@mail.com',NULL,NULL,_binary '','$2a$10$03gsAbElre.V884Shq6TOu.NRIso9Z.zAImB74nz6lryrXXRDIGIa',NULL,NULL,'READER',0,'reader_010'),(22,'2025-10-12 09:10:00.000000',_binary '\0','reader011@mail.com',NULL,NULL,_binary '','$2a$10$03gsAbElre.V884Shq6TOu.NRIso9Z.zAImB74nz6lryrXXRDIGIa',NULL,NULL,'READER',0,'reader_011'),(23,'2025-10-12 11:00:00.000000',_binary '\0','reader012@mail.com',NULL,NULL,_binary '','$2a$10$03gsAbElre.V884Shq6TOu.NRIso9Z.zAImB74nz6lryrXXRDIGIa',NULL,NULL,'READER',0,'reader_012'),(24,'2025-10-13 08:00:00.000000',_binary '\0','reader013@mail.com',NULL,NULL,_binary '','$2a$10$03gsAbElre.V884Shq6TOu.NRIso9Z.zAImB74nz6lryrXXRDIGIa',NULL,NULL,'READER',0,'reader_013'),(25,'2025-10-13 12:30:00.000000',_binary '\0','reader014@mail.com',NULL,NULL,_binary '','$2a$10$03gsAbElre.V884Shq6TOu.NRIso9Z.zAImB74nz6lryrXXRDIGIa',NULL,NULL,'READER',0,'reader_014'),(26,'2025-10-14 09:45:00.000000',_binary '\0','reader015@mail.com',NULL,NULL,_binary '','$2a$10$03gsAbElre.V884Shq6TOu.NRIso9Z.zAImB74nz6lryrXXRDIGIa',NULL,NULL,'READER',0,'reader_015'),(27,'2025-10-14 14:00:00.000000',_binary '\0','reader016@mail.com',NULL,NULL,_binary '','$2a$10$03gsAbElre.V884Shq6TOu.NRIso9Z.zAImB74nz6lryrXXRDIGIa',NULL,NULL,'READER',0,'reader_016'),(28,'2025-10-15 08:30:00.000000',_binary '\0','reader017@mail.com',NULL,NULL,_binary '','$2a$10$03gsAbElre.V884Shq6TOu.NRIso9Z.zAImB74nz6lryrXXRDIGIa',NULL,NULL,'READER',0,'reader_017'),(29,'2025-10-15 10:15:00.000000',_binary '\0','reader018@mail.com',NULL,NULL,_binary '','$2a$10$03gsAbElre.V884Shq6TOu.NRIso9Z.zAImB74nz6lryrXXRDIGIa',NULL,NULL,'READER',0,'reader_018'),(30,'2025-10-16 09:00:00.000000',_binary '\0','reader019@mail.com',NULL,NULL,_binary '','$2a$10$03gsAbElre.V884Shq6TOu.NRIso9Z.zAImB74nz6lryrXXRDIGIa',NULL,NULL,'READER',0,'reader_019'),(31,'2025-10-16 11:30:00.000000',_binary '\0','reader020@mail.com',NULL,NULL,_binary '','$2a$10$03gsAbElre.V884Shq6TOu.NRIso9Z.zAImB74nz6lryrXXRDIGIa',NULL,NULL,'READER',0,'reader_020'),(32,'2025-10-17 08:45:00.000000',_binary '\0','reader021@mail.com',NULL,NULL,_binary '','$2a$10$03gsAbElre.V884Shq6TOu.NRIso9Z.zAImB74nz6lryrXXRDIGIa',NULL,NULL,'READER',0,'reader_021'),(33,'2025-10-17 13:00:00.000000',_binary '\0','reader022@mail.com',NULL,NULL,_binary '','$2a$10$03gsAbElre.V884Shq6TOu.NRIso9Z.zAImB74nz6lryrXXRDIGIa',NULL,NULL,'READER',0,'reader_022'),(34,'2025-10-18 09:30:00.000000',_binary '\0','reader023@mail.com',NULL,NULL,_binary '','$2a$10$03gsAbElre.V884Shq6TOu.NRIso9Z.zAImB74nz6lryrXXRDIGIa',NULL,NULL,'READER',0,'reader_023'),(35,'2025-10-18 14:00:00.000000',_binary '\0','reader024@mail.com',NULL,NULL,_binary '','$2a$10$03gsAbElre.V884Shq6TOu.NRIso9Z.zAImB74nz6lryrXXRDIGIa',NULL,NULL,'READER',0,'reader_024'),(36,'2025-10-19 08:00:00.000000',_binary '\0','reader025@mail.com',NULL,NULL,_binary '','$2a$10$03gsAbElre.V884Shq6TOu.NRIso9Z.zAImB74nz6lryrXXRDIGIa',NULL,NULL,'READER',0,'reader_025'),(37,'2025-10-19 10:30:00.000000',_binary '\0','reader026@mail.com',NULL,NULL,_binary '','$2a$10$03gsAbElre.V884Shq6TOu.NRIso9Z.zAImB74nz6lryrXXRDIGIa',NULL,NULL,'READER',0,'reader_026'),(38,'2025-10-20 09:15:00.000000',_binary '\0','reader027@mail.com',NULL,NULL,_binary '','$2a$10$03gsAbElre.V884Shq6TOu.NRIso9Z.zAImB74nz6lryrXXRDIGIa',NULL,NULL,'READER',0,'reader_027'),(39,'2025-10-20 11:45:00.000000',_binary '\0','reader028@mail.com',NULL,NULL,_binary '','$2a$10$03gsAbElre.V884Shq6TOu.NRIso9Z.zAImB74nz6lryrXXRDIGIa',NULL,NULL,'READER',0,'reader_028'),(40,'2025-10-21 08:30:00.000000',_binary '\0','reader029@mail.com',NULL,NULL,_binary '','$2a$10$03gsAbElre.V884Shq6TOu.NRIso9Z.zAImB74nz6lryrXXRDIGIa',NULL,NULL,'READER',0,'reader_029'),(41,'2025-10-21 13:15:00.000000',_binary '\0','reader030@mail.com',NULL,NULL,_binary '','$2a$10$03gsAbElre.V884Shq6TOu.NRIso9Z.zAImB74nz6lryrXXRDIGIa',NULL,NULL,'READER',0,'reader_030'),(42,'2025-10-22 09:00:00.000000',_binary '\0','reader031@mail.com',NULL,NULL,_binary '','$2a$10$03gsAbElre.V884Shq6TOu.NRIso9Z.zAImB74nz6lryrXXRDIGIa',NULL,NULL,'READER',0,'reader_031'),(43,'2025-10-22 14:30:00.000000',_binary '\0','reader032@mail.com',NULL,NULL,_binary '','$2a$10$03gsAbElre.V884Shq6TOu.NRIso9Z.zAImB74nz6lryrXXRDIGIa',NULL,NULL,'READER',0,'reader_032'),(44,'2025-10-23 08:45:00.000000',_binary '\0','reader033@mail.com',NULL,NULL,_binary '','$2a$10$03gsAbElre.V884Shq6TOu.NRIso9Z.zAImB74nz6lryrXXRDIGIa',NULL,NULL,'READER',0,'reader_033'),(45,'2025-10-23 10:00:00.000000',_binary '\0','reader034@mail.com',NULL,NULL,_binary '','$2a$10$03gsAbElre.V884Shq6TOu.NRIso9Z.zAImB74nz6lryrXXRDIGIa',NULL,NULL,'READER',0,'reader_034'),(46,'2025-10-24 09:30:00.000000',_binary '\0','reader035@mail.com',NULL,NULL,_binary '','$2a$10$03gsAbElre.V884Shq6TOu.NRIso9Z.zAImB74nz6lryrXXRDIGIa',NULL,NULL,'READER',0,'reader_035'),(47,'2025-10-24 12:00:00.000000',_binary '\0','reader036@mail.com',NULL,NULL,_binary '','$2a$10$03gsAbElre.V884Shq6TOu.NRIso9Z.zAImB74nz6lryrXXRDIGIa',NULL,NULL,'READER',0,'reader_036'),(48,'2025-10-25 08:00:00.000000',_binary '\0','reader037@mail.com',NULL,NULL,_binary '','$2a$10$03gsAbElre.V884Shq6TOu.NRIso9Z.zAImB74nz6lryrXXRDIGIa',NULL,NULL,'READER',0,'reader_037'),(49,'2025-10-25 11:15:00.000000',_binary '\0','reader038@mail.com',NULL,NULL,_binary '','$2a$10$03gsAbElre.V884Shq6TOu.NRIso9Z.zAImB74nz6lryrXXRDIGIa',NULL,NULL,'READER',0,'reader_038'),(50,'2025-10-26 09:45:00.000000',_binary '\0','reader039@mail.com',NULL,NULL,_binary '','$2a$10$03gsAbElre.V884Shq6TOu.NRIso9Z.zAImB74nz6lryrXXRDIGIa',NULL,NULL,'READER',0,'reader_039'),(51,'2025-10-26 13:30:00.000000',_binary '\0','reader040@mail.com',NULL,NULL,_binary '','$2a$10$03gsAbElre.V884Shq6TOu.NRIso9Z.zAImB74nz6lryrXXRDIGIa',NULL,NULL,'READER',0,'reader_040'),(52,'2025-10-27 08:30:00.000000',_binary '\0','reader041@mail.com',NULL,NULL,_binary '','$2a$10$03gsAbElre.V884Shq6TOu.NRIso9Z.zAImB74nz6lryrXXRDIGIa',NULL,NULL,'READER',0,'reader_041'),(53,'2025-10-27 10:00:00.000000',_binary '\0','reader042@mail.com',NULL,NULL,_binary '','$2a$10$03gsAbElre.V884Shq6TOu.NRIso9Z.zAImB74nz6lryrXXRDIGIa',NULL,NULL,'READER',0,'reader_042'),(54,'2025-10-28 09:00:00.000000',_binary '\0','reader043@mail.com',NULL,NULL,_binary '','$2a$10$03gsAbElre.V884Shq6TOu.NRIso9Z.zAImB74nz6lryrXXRDIGIa',NULL,NULL,'READER',0,'reader_043'),(55,'2025-10-28 14:00:00.000000',_binary '\0','reader044@mail.com',NULL,NULL,_binary '','$2a$10$03gsAbElre.V884Shq6TOu.NRIso9Z.zAImB74nz6lryrXXRDIGIa',NULL,NULL,'READER',0,'reader_044'),(56,'2025-10-29 08:15:00.000000',_binary '\0','reader045@mail.com',NULL,NULL,_binary '','$2a$10$03gsAbElre.V884Shq6TOu.NRIso9Z.zAImB74nz6lryrXXRDIGIa',NULL,NULL,'READER',0,'reader_045'),(57,'2025-10-29 11:45:00.000000',_binary '\0','reader046@mail.com',NULL,NULL,_binary '','$2a$10$03gsAbElre.V884Shq6TOu.NRIso9Z.zAImB74nz6lryrXXRDIGIa',NULL,NULL,'READER',0,'reader_046'),(58,'2025-10-30 09:30:00.000000',_binary '\0','reader047@mail.com',NULL,NULL,_binary '','$2a$10$03gsAbElre.V884Shq6TOu.NRIso9Z.zAImB74nz6lryrXXRDIGIa',NULL,NULL,'READER',0,'reader_047'),(59,'2025-10-30 13:00:00.000000',_binary '\0','reader048@mail.com',NULL,NULL,_binary '','$2a$10$03gsAbElre.V884Shq6TOu.NRIso9Z.zAImB74nz6lryrXXRDIGIa',NULL,NULL,'READER',0,'reader_048'),(60,'2025-10-31 09:00:00.000000',_binary '\0','reader049@mail.com',NULL,NULL,_binary '','$2a$10$03gsAbElre.V884Shq6TOu.NRIso9Z.zAImB74nz6lryrXXRDIGIa',NULL,NULL,'READER',0,'reader_049'),(61,'2025-10-31 14:30:00.000000',_binary '\0','reader050@mail.com',NULL,NULL,_binary '','$2a$10$03gsAbElre.V884Shq6TOu.NRIso9Z.zAImB74nz6lryrXXRDIGIa',NULL,NULL,'READER',0,'reader_050'),(62,'2025-11-01 08:00:00.000000',_binary '\0','reader051@mail.com',NULL,NULL,_binary '','$2a$10$03gsAbElre.V884Shq6TOu.NRIso9Z.zAImB74nz6lryrXXRDIGIa',NULL,NULL,'READER',0,'reader_051'),(63,'2025-11-01 10:30:00.000000',_binary '\0','reader052@mail.com',NULL,NULL,_binary '','$2a$10$03gsAbElre.V884Shq6TOu.NRIso9Z.zAImB74nz6lryrXXRDIGIa',NULL,NULL,'READER',0,'reader_052'),(64,'2025-11-02 09:15:00.000000',_binary '\0','reader053@mail.com',NULL,NULL,_binary '','$2a$10$03gsAbElre.V884Shq6TOu.NRIso9Z.zAImB74nz6lryrXXRDIGIa',NULL,NULL,'READER',0,'reader_053'),(65,'2025-11-02 13:45:00.000000',_binary '\0','reader054@mail.com',NULL,NULL,_binary '','$2a$10$03gsAbElre.V884Shq6TOu.NRIso9Z.zAImB74nz6lryrXXRDIGIa',NULL,NULL,'READER',0,'reader_054'),(66,'2025-11-03 08:30:00.000000',_binary '\0','reader055@mail.com',NULL,NULL,_binary '','$2a$10$03gsAbElre.V884Shq6TOu.NRIso9Z.zAImB74nz6lryrXXRDIGIa',NULL,NULL,'READER',0,'reader_055'),(67,'2025-11-03 11:00:00.000000',_binary '\0','reader056@mail.com',NULL,NULL,_binary '','$2a$10$03gsAbElre.V884Shq6TOu.NRIso9Z.zAImB74nz6lryrXXRDIGIa',NULL,NULL,'READER',0,'reader_056'),(68,'2025-11-04 09:00:00.000000',_binary '\0','reader057@mail.com',NULL,NULL,_binary '','$2a$10$03gsAbElre.V884Shq6TOu.NRIso9Z.zAImB74nz6lryrXXRDIGIa',NULL,NULL,'READER',0,'reader_057'),(69,'2025-11-04 14:15:00.000000',_binary '\0','reader058@mail.com',NULL,NULL,_binary '','$2a$10$03gsAbElre.V884Shq6TOu.NRIso9Z.zAImB74nz6lryrXXRDIGIa',NULL,NULL,'READER',0,'reader_058'),(70,'2025-11-05 08:45:00.000000',_binary '\0','reader059@mail.com',NULL,NULL,_binary '','$2a$10$03gsAbElre.V884Shq6TOu.NRIso9Z.zAImB74nz6lryrXXRDIGIa',NULL,NULL,'READER',0,'reader_059'),(71,'2025-11-05 12:00:00.000000',_binary '\0','reader060@mail.com',NULL,NULL,_binary '','$2a$10$03gsAbElre.V884Shq6TOu.NRIso9Z.zAImB74nz6lryrXXRDIGIa',NULL,NULL,'READER',0,'reader_060'),(72,'2025-11-06 09:30:00.000000',_binary '\0','reader061@mail.com',NULL,NULL,_binary '','$2a$10$03gsAbElre.V884Shq6TOu.NRIso9Z.zAImB74nz6lryrXXRDIGIa',NULL,NULL,'READER',0,'reader_061'),(73,'2025-11-06 13:00:00.000000',_binary '\0','reader062@mail.com',NULL,NULL,_binary '','$2a$10$03gsAbElre.V884Shq6TOu.NRIso9Z.zAImB74nz6lryrXXRDIGIa',NULL,NULL,'READER',0,'reader_062'),(74,'2025-11-07 08:00:00.000000',_binary '\0','reader063@mail.com',NULL,NULL,_binary '','$2a$10$03gsAbElre.V884Shq6TOu.NRIso9Z.zAImB74nz6lryrXXRDIGIa',NULL,NULL,'READER',0,'reader_063'),(75,'2025-11-07 10:45:00.000000',_binary '\0','reader064@mail.com',NULL,NULL,_binary '','$2a$10$03gsAbElre.V884Shq6TOu.NRIso9Z.zAImB74nz6lryrXXRDIGIa',NULL,NULL,'READER',0,'reader_064'),(76,'2025-11-08 09:15:00.000000',_binary '\0','reader065@mail.com',NULL,NULL,_binary '','$2a$10$03gsAbElre.V884Shq6TOu.NRIso9Z.zAImB74nz6lryrXXRDIGIa',NULL,NULL,'READER',0,'reader_065'),(77,'2025-11-08 13:30:00.000000',_binary '\0','reader066@mail.com',NULL,NULL,_binary '','$2a$10$03gsAbElre.V884Shq6TOu.NRIso9Z.zAImB74nz6lryrXXRDIGIa',NULL,NULL,'READER',0,'reader_066'),(78,'2025-11-09 08:30:00.000000',_binary '\0','reader067@mail.com',NULL,NULL,_binary '','$2a$10$03gsAbElre.V884Shq6TOu.NRIso9Z.zAImB74nz6lryrXXRDIGIa',NULL,NULL,'READER',0,'reader_067'),(79,'2025-11-09 11:00:00.000000',_binary '\0','reader068@mail.com',NULL,NULL,_binary '','$2a$10$03gsAbElre.V884Shq6TOu.NRIso9Z.zAImB74nz6lryrXXRDIGIa',NULL,NULL,'READER',0,'reader_068'),(80,'2025-11-10 09:00:00.000000',_binary '\0','reader069@mail.com',NULL,NULL,_binary '','$2a$10$03gsAbElre.V884Shq6TOu.NRIso9Z.zAImB74nz6lryrXXRDIGIa',NULL,NULL,'READER',0,'reader_069'),(81,'2025-11-10 14:00:00.000000',_binary '\0','reader070@mail.com',NULL,NULL,_binary '','$2a$10$03gsAbElre.V884Shq6TOu.NRIso9Z.zAImB74nz6lryrXXRDIGIa',NULL,NULL,'READER',0,'reader_070'),(82,'2025-11-11 08:45:00.000000',_binary '\0','reader071@mail.com',NULL,NULL,_binary '','$2a$10$03gsAbElre.V884Shq6TOu.NRIso9Z.zAImB74nz6lryrXXRDIGIa',NULL,NULL,'READER',0,'reader_071'),(83,'2025-11-11 12:15:00.000000',_binary '\0','reader072@mail.com',NULL,NULL,_binary '','$2a$10$03gsAbElre.V884Shq6TOu.NRIso9Z.zAImB74nz6lryrXXRDIGIa',NULL,NULL,'READER',0,'reader_072'),(84,'2025-11-12 09:30:00.000000',_binary '\0','reader073@mail.com',NULL,NULL,_binary '','$2a$10$03gsAbElre.V884Shq6TOu.NRIso9Z.zAImB74nz6lryrXXRDIGIa',NULL,NULL,'READER',0,'reader_073'),(85,'2025-11-12 13:00:00.000000',_binary '\0','reader074@mail.com',NULL,NULL,_binary '','$2a$10$03gsAbElre.V884Shq6TOu.NRIso9Z.zAImB74nz6lryrXXRDIGIa',NULL,NULL,'READER',0,'reader_074'),(86,'2025-11-13 08:00:00.000000',_binary '\0','reader075@mail.com',NULL,NULL,_binary '','$2a$10$03gsAbElre.V884Shq6TOu.NRIso9Z.zAImB74nz6lryrXXRDIGIa',NULL,NULL,'READER',0,'reader_075'),(87,'2025-11-13 10:30:00.000000',_binary '\0','reader076@mail.com',NULL,NULL,_binary '','$2a$10$03gsAbElre.V884Shq6TOu.NRIso9Z.zAImB74nz6lryrXXRDIGIa',NULL,NULL,'READER',0,'reader_076'),(88,'2025-11-14 09:15:00.000000',_binary '\0','reader077@mail.com',NULL,NULL,_binary '','$2a$10$03gsAbElre.V884Shq6TOu.NRIso9Z.zAImB74nz6lryrXXRDIGIa',NULL,NULL,'READER',0,'reader_077'),(89,'2025-11-14 13:45:00.000000',_binary '\0','reader078@mail.com',NULL,NULL,_binary '','$2a$10$03gsAbElre.V884Shq6TOu.NRIso9Z.zAImB74nz6lryrXXRDIGIa',NULL,NULL,'READER',0,'reader_078'),(90,'2025-11-15 08:30:00.000000',_binary '\0','reader079@mail.com',NULL,NULL,_binary '','$2a$10$03gsAbElre.V884Shq6TOu.NRIso9Z.zAImB74nz6lryrXXRDIGIa',NULL,NULL,'READER',0,'reader_079'),(91,'2025-11-15 11:00:00.000000',_binary '\0','reader080@mail.com',NULL,NULL,_binary '','$2a$10$03gsAbElre.V884Shq6TOu.NRIso9Z.zAImB74nz6lryrXXRDIGIa',NULL,NULL,'READER',0,'reader_080'),(92,'2025-11-16 09:00:00.000000',_binary '\0','reader081@mail.com',NULL,NULL,_binary '','$2a$10$03gsAbElre.V884Shq6TOu.NRIso9Z.zAImB74nz6lryrXXRDIGIa',NULL,NULL,'READER',0,'reader_081'),(93,'2025-11-16 14:15:00.000000',_binary '\0','reader082@mail.com',NULL,NULL,_binary '','$2a$10$03gsAbElre.V884Shq6TOu.NRIso9Z.zAImB74nz6lryrXXRDIGIa',NULL,NULL,'READER',0,'reader_082'),(94,'2025-11-17 08:45:00.000000',_binary '\0','reader083@mail.com',NULL,NULL,_binary '','$2a$10$03gsAbElre.V884Shq6TOu.NRIso9Z.zAImB74nz6lryrXXRDIGIa',NULL,NULL,'READER',0,'reader_083'),(95,'2025-11-17 12:00:00.000000',_binary '\0','reader084@mail.com',NULL,NULL,_binary '','$2a$10$03gsAbElre.V884Shq6TOu.NRIso9Z.zAImB74nz6lryrXXRDIGIa',NULL,NULL,'READER',0,'reader_084'),(96,'2025-11-18 09:30:00.000000',_binary '\0','reader085@mail.com',NULL,NULL,_binary '','$2a$10$03gsAbElre.V884Shq6TOu.NRIso9Z.zAImB74nz6lryrXXRDIGIa',NULL,NULL,'READER',0,'reader_085'),(97,'2025-11-18 13:00:00.000000',_binary '\0','reader086@mail.com',NULL,NULL,_binary '','$2a$10$03gsAbElre.V884Shq6TOu.NRIso9Z.zAImB74nz6lryrXXRDIGIa',NULL,NULL,'READER',0,'reader_086'),(98,'2025-11-19 08:00:00.000000',_binary '\0','reader087@mail.com',NULL,NULL,_binary '','$2a$10$03gsAbElre.V884Shq6TOu.NRIso9Z.zAImB74nz6lryrXXRDIGIa',NULL,NULL,'READER',0,'reader_087'),(99,'2025-11-19 10:45:00.000000',_binary '\0','reader088@mail.com',NULL,NULL,_binary '','$2a$10$03gsAbElre.V884Shq6TOu.NRIso9Z.zAImB74nz6lryrXXRDIGIa',NULL,NULL,'READER',0,'reader_088'),(100,'2025-11-20 09:15:00.000000',_binary '\0','reader089@mail.com',NULL,NULL,_binary '','$2a$10$03gsAbElre.V884Shq6TOu.NRIso9Z.zAImB74nz6lryrXXRDIGIa',NULL,NULL,'READER',0,'reader_089'),(101,'2025-11-20 13:30:00.000000',_binary '\0','reader090@mail.com',NULL,NULL,_binary '','$2a$10$03gsAbElre.V884Shq6TOu.NRIso9Z.zAImB74nz6lryrXXRDIGIa',NULL,NULL,'READER',0,'reader_090'),(102,'2025-11-21 08:30:00.000000',_binary '\0','reader091@mail.com',NULL,NULL,_binary '','$2a$10$03gsAbElre.V884Shq6TOu.NRIso9Z.zAImB74nz6lryrXXRDIGIa',NULL,NULL,'READER',0,'reader_091'),(103,'2025-11-21 11:00:00.000000',_binary '\0','reader092@mail.com',NULL,NULL,_binary '','$2a$10$03gsAbElre.V884Shq6TOu.NRIso9Z.zAImB74nz6lryrXXRDIGIa',NULL,NULL,'READER',0,'reader_092'),(104,'2025-11-22 09:00:00.000000',_binary '\0','reader093@mail.com',NULL,NULL,_binary '','$2a$10$03gsAbElre.V884Shq6TOu.NRIso9Z.zAImB74nz6lryrXXRDIGIa',NULL,NULL,'READER',0,'reader_093'),(105,'2025-11-22 14:00:00.000000',_binary '\0','reader094@mail.com',NULL,NULL,_binary '','$2a$10$03gsAbElre.V884Shq6TOu.NRIso9Z.zAImB74nz6lryrXXRDIGIa',NULL,NULL,'READER',0,'reader_094'),(106,'2025-11-23 08:45:00.000000',_binary '\0','reader095@mail.com',NULL,NULL,_binary '','$2a$10$03gsAbElre.V884Shq6TOu.NRIso9Z.zAImB74nz6lryrXXRDIGIa',NULL,NULL,'READER',0,'reader_095'),(107,'2025-11-23 12:15:00.000000',_binary '\0','reader096@mail.com',NULL,NULL,_binary '','$2a$10$03gsAbElre.V884Shq6TOu.NRIso9Z.zAImB74nz6lryrXXRDIGIa',NULL,NULL,'READER',0,'reader_096'),(108,'2025-11-24 09:30:00.000000',_binary '\0','reader097@mail.com',NULL,NULL,_binary '','$2a$10$03gsAbElre.V884Shq6TOu.NRIso9Z.zAImB74nz6lryrXXRDIGIa',NULL,NULL,'READER',0,'reader_097'),(109,'2025-11-24 13:00:00.000000',_binary '\0','reader098@mail.com',NULL,NULL,_binary '','$2a$10$03gsAbElre.V884Shq6TOu.NRIso9Z.zAImB74nz6lryrXXRDIGIa',NULL,NULL,'READER',0,'reader_098'),(110,'2025-11-25 08:00:00.000000',_binary '\0','reader099@mail.com',NULL,NULL,_binary '','$2a$10$03gsAbElre.V884Shq6TOu.NRIso9Z.zAImB74nz6lryrXXRDIGIa',NULL,NULL,'READER',0,'reader_099'),(111,'2025-11-25 10:30:00.000000',_binary '\0','reader100@mail.com',NULL,NULL,_binary '','$2a$10$03gsAbElre.V884Shq6TOu.NRIso9Z.zAImB74nz6lryrXXRDIGIa',NULL,NULL,'READER',0,'reader_100'),(112,'2026-04-29 21:15:59.856310',_binary '\0','omar@mail.com','899c6b1b-a555-45bf-b573-bf9f9a23f264','2026-04-30 21:15:59.810030',_binary '','$2a$10$03gsAbElre.V884Shq6TOu.NRIso9Z.zAImB74nz6lryrXXRDIGIa','76c49542-0ee7-48a2-a587-a4dfc6327dee','2026-06-01 00:18:50.065867','READER',0,'omar');
/*!40000 ALTER TABLE `users` ENABLE KEYS */;
UNLOCK TABLES;
/*!40103 SET TIME_ZONE=@OLD_TIME_ZONE */;

/*!40101 SET SQL_MODE=@OLD_SQL_MODE */;
/*!40014 SET FOREIGN_KEY_CHECKS=@OLD_FOREIGN_KEY_CHECKS */;
/*!40014 SET UNIQUE_CHECKS=@OLD_UNIQUE_CHECKS */;
/*!40101 SET CHARACTER_SET_CLIENT=@OLD_CHARACTER_SET_CLIENT */;
/*!40101 SET CHARACTER_SET_RESULTS=@OLD_CHARACTER_SET_RESULTS */;
/*!40101 SET COLLATION_CONNECTION=@OLD_COLLATION_CONNECTION */;
/*!40111 SET SQL_NOTES=@OLD_SQL_NOTES */;